Domain,Status,Tier,Notes
maincharacterphotos.com,Available,T1 - Brand,Directly from headline — instant recall
maincharactershoot.com,Available,T1 - Brand,Same idea slightly shorter
looklikethemaincharacter.com,Available,T1 - Brand,Full tagline — long but on-brand
becomehimphoto.com,Available,T1 - Brand,Aspirational — become that guy
becomehimshoots.com,Available,T1 - Brand,Same angle more specific
thesharplook.com,Available,T1 - Brand,Short punchy dialed-in aesthetic
sharplookphoto.com,Available,T1 - Brand,Same vibe more explicit
looksharpshoot.com,Available,T1 - Brand,Sharp + action
looksharpaudit.com,Available,T1 - Brand,Sharp + audit combo
sharpshootaudit.com,Available,T1 - Brand,Sharp + audit combo
thesignaturelook.com,Available,T1 - Brand,Luxury-adjacent without trying
signaturelooks.com,Available,T1 - Brand,Same energy plural
looksnotpics.com,Available,T2 - Mechanic,Punchy contrarian hook
thelooksystem.com,Available,T2 - Mechanic,Premium feel names the system
thelooksformula.com,Available,T2 - Mechanic,Matches internal docs
notjustpics.com,Available,T2 - Mechanic,Softer less confrontational
getlooksnotpics.com,Available,T2 - Mechanic,Action verb version
thelookaudit.com,Available,T2 - Mechanic,Look + audit
lookaudit.com,Available,T2 - Mechanic,Short
looksapproved.com,Available,T2 - Mechanic,Social proof baked in
approvedlooks.com,Available,T2 - Mechanic,Social proof variant
thelookscoach.com,Available,T3 - Coach/Service,Sounds like a service not a shoot
yourlookscoach.com,Available,T3 - Coach/Service,Personal version
photographyaudit.com,Available,T3 - Audit,Direct clear what it is
brandphotoaudit.com,Available,T3 - Audit,Adds brand framing
thephotoaudit.com,Available,T3 - Audit,Premium with the
theimageaudit.com,Available,T3 - Audit,Premium with the
photoauditfree.com,Available,T3 - Audit,Direct + free
freebrandphotoaudit.com,Available,T3 - Audit,Exact match to offer — SEO gold
brandauditfree.com,Available,T3 - Audit,Same idea slightly awkward
levelupshoot.com,Available,T4 - Level Up,Men 18-35 self-improvement crowd
shootlevelup.com,Available,T4 - Level Up,Same idea reordered
upgradeyourphotos.com,Available,T4 - Level Up,Direct action
postworthyphotos.com,Available,T4 - Post-Worthy,Whats actually worth posting
thepostworthy.com,Available,T4 - Post-Worthy,Premium with the
contentworthposting.com,Available,T4 - Post-Worthy,Long but clear
archetypeshoots.com,Available,T4 - Archetype,Niche but on-brand
archetypeaudit.com,Available,T4 - Archetype,Niche + audit combo
fixyourpresence.com,Available,T4 - Presence,Action-oriented
oneafternoontest.com,Available,T5 - Wildcard,Leans into one afternoon pitch
shootsmontreal.com,Available,T5 - Local SEO,Would dominate local search
montrealshoots.com,Available,T5 - Local SEO,Short local
montrealbrandshoots.com,Available,T5 - Local SEO,Local + brand
personalbrandphotoshoot.com,Taken,--,Taken
looksystem.com,Taken,--,Taken
freebrandaudit.com,Taken,--,Taken
mybrandaudit.com,Taken,--,Taken
shootyourbrand.com,Taken,--,Taken
personalbrand.shoots,Taken,--,Taken
getthelook.shoots,Taken,--,Taken